,fraudulent,Predicted
21631,1,1
25452,1,1
27718,1,1
10843,0,0
7202,1,1
29162,1,1
22376,1,1
13118,0,0
26521,1,1
28464,1,1
20149,1,0
24674,1,1
23065,1,1
29515,1,1
5034,0,1
14216,0,0
20094,1,0
733,0,0
15591,0,0
23157,1,1
27061,1,1
19740,1,0
5282,0,0
2346,0,0
16445,0,0
17523,1,1
3398,0,0
28314,1,1
27012,1,1
27444,1,0
12887,0,0
3122,0,0
8285,0,0
29009,1,1
29317,1,1
29428,1,1
5697,1,1
19748,1,0
4744,0,0
27421,1,1
8540,0,1
3707,0,0
19574,1,1
20940,1,0
9992,0,0
11438,0,1
2213,0,0
4667,0,1
15869,0,0
12514,0,0
22282,1,1
9739,0,1
21117,1,0
11356,0,0
1912,0,0
28972,1,1
19861,1,1
21719,1,0
20305,1,0
5138,0,0
9687,0,0
9392,0,0
11846,0,0
28414,1,1
29516,1,1
20765,1,1
20477,1,1
21895,1,1
7305,0,0
11153,0,0
747,0,0
25950,1,0
11478,0,0
762,0,0
15584,0,0
3776,0,0
430,0,0
20755,1,0
26186,1,0
17234,0,0
1288,0,0
6646,0,0
16146,0,0
28203,1,1
15273,0,0
26804,1,1
9838,0,0
7477,1,1
12593,0,0
8094,0,0
26474,1,1
17554,1,1
279,0,0
21428,1,1
8136,0,0
12160,0,0
8309,1,0
10128,0,0
11773,0,0
23631,1,1
14335,0,0
14786,0,0
7212,0,0
4448,1,1
1921,0,1
9419,0,0
12895,0,0
9712,0,0
18849,1,1
2406,0,0
9870,0,0
26326,1,0
1791,0,1
28035,1,1
10870,0,0
24658,1,1
11507,1,0
15028,0,0
10397,0,0
9541,0,0
22507,1,1
12014,0,1
26637,1,1
21420,1,0
9646,0,1
14874,0,0
2856,0,0
250,0,1
11214,0,1
1731,0,0
22153,1,1
29374,1,1
2201,0,1
8279,0,0
20531,1,1
9607,0,0
24559,1,1
11809,0,0
23766,1,1
516,0,0
22038,1,1
3885,0,0
28848,1,1
4254,0,0
13038,0,0
10624,0,1
20007,1,0
14782,0,1
26190,1,1
5260,0,0
28146,1,1
5971,0,0
4160,0,0
8575,0,0
19635,1,1
24636,1,1
12068,0,0
22545,1,1
18618,1,1
2266,1,1
13874,0,0
17834,0,0
5505,1,1
20069,1,1
23327,1,1
217,0,0
18764,1,1
2907,0,0
29308,1,0
4093,0,0
9069,0,0
4817,0,0
22488,1,1
6769,0,0
27553,1,1
16833,0,1
15270,0,0
13021,0,0
2772,0,0
19155,1,0
21034,1,0
5218,0,0
15680,0,1
23449,1,1
4410,0,1
4241,0,0
13415,0,1
4641,0,1
5511,1,1
9210,0,0
4788,0,0
5183,0,0
26545,1,0
27166,1,1
26273,1,1
23542,1,0
27453,1,1
5545,0,0
21322,1,0
29645,1,1
7339,0,1
6424,0,0
29657,1,1
7267,0,0
4783,0,0
2227,0,0
16296,0,0
13954,0,0
28966,1,1
9928,0,0
14509,0,1
19341,1,1
22910,1,1
12405,0,1
24405,1,1
18808,1,0
10013,0,0
3425,0,0
14825,0,1
5038,0,0
5732,0,0
2041,1,0
11766,1,0
12406,0,1
9767,0,0
19548,1,1
25893,1,0
11056,0,0
7481,1,1
4730,0,1
11967,0,0
2222,0,0
25575,1,1
28824,1,0
4520,0,1
12981,0,0
5658,0,0
13110,0,0
18871,1,1
5227,0,0
5040,0,0
10193,0,0
20526,1,1
28471,1,1
1972,0,0
11146,0,0
9149,0,0
23213,1,1
17562,1,1
19779,1,0
2061,0,0
26390,1,1
22352,1,1
7107,0,1
16954,0,0
5640,0,0
26254,1,0
27797,1,1
24561,1,0
25429,1,1
16795,0,0
21522,1,1
3265,0,0
12883,0,0
16041,0,0
22016,1,0
624,0,0
15824,0,0
10376,0,0
14759,0,0
18599,1,1
17039,0,1
26052,1,1
15772,0,0
1278,0,0
10325,0,0
29773,1,1
2929,0,0
2858,0,0
21671,1,0
579,0,0
24438,1,1
20766,1,1
23097,1,1
25902,1,0
9089,0,0
25090,1,1
2848,0,0
15465,0,0
1090,0,0
4140,0,0
8688,0,0
3473,0,0
3014,0,0
22497,1,1
19820,1,1
18861,1,1
5685,0,0
4902,0,0
13126,0,0
428,0,0
23987,1,1
9570,0,1
8879,0,0
26653,1,1
15348,0,1
8516,0,0
25131,1,1
29078,1,1
3396,0,0
24998,1,1
13909,0,0
1339,0,1
27255,1,1
25502,1,1
28232,1,1
5584,1,1
25312,1,1
12382,0,0
4890,0,0
2974,0,1
27477,1,0
13867,0,1
24692,1,0
16463,0,0
19818,1,1
4749,1,0
17612,1,1
23534,1,0
20379,1,0
11423,0,0
28335,1,1
19004,1,0
2950,0,0
13764,0,0
25677,1,1
3843,0,1
10263,0,0
5405,0,1
16337,0,0
24257,1,0
27778,1,1
9212,0,0
14003,0,0
16349,0,0
5706,0,0
15459,0,1
17583,1,0
18348,1,1
11270,0,0
4206,0,0
26739,1,1
20051,1,1
10709,0,0
15918,0,0
15811,0,0
15922,0,1
28789,1,0
20205,1,0
29184,1,1
25375,1,1
15602,0,1
21624,1,0
14302,0,0
10152,0,0
10071,0,0
8676,0,0
12377,0,1
2168,0,0
11269,0,0
8966,0,1
25810,1,1
24172,1,0
14268,0,1
28352,1,1
26287,1,1
12829,0,0
26282,1,1
10821,0,0
17440,0,0
3047,0,0
13309,0,0
8925,0,1
29381,1,1
24898,1,1
8147,0,0
5210,0,0
13590,0,0
12800,0,0
12920,0,0
29300,1,1
8332,0,0
24458,1,1
3230,1,0
6235,0,0
6433,0,1
11071,0,0
23228,1,0
6899,0,0
16804,0,0
11844,0,0
10612,0,0
15509,0,0
24199,1,1
9246,0,0
6483,0,0
24549,1,1
14244,0,0
24731,1,1
1676,0,0
24480,1,1
26036,1,1
12798,0,0
29715,1,0
20773,1,1
25767,1,1
29655,1,1
10904,0,0
27121,1,0
26145,1,1
29734,1,0
1330,0,1
20713,1,1
22634,1,0
12837,0,0
12864,0,1
28404,1,1
16869,0,0
16823,0,0
19530,1,0
27742,1,1
28699,1,1
6503,0,0
15987,0,0
27995,1,0
7161,0,0
19855,1,0
24928,1,0
8300,0,0
20858,1,1
14084,0,1
26985,1,0
17269,0,0
25092,1,1
21848,1,1
9027,0,1
16466,0,0
27087,1,1
9994,0,0
9022,0,0
14987,0,0
27976,1,0
6214,0,0
4525,0,1
16151,0,0
8765,0,0
29018,1,0
10809,0,0
21306,1,1
16366,0,0
1503,0,0
8151,0,0
24540,1,1
17452,0,0
22438,1,0
25327,1,0
27278,1,1
25854,1,0
4384,0,0
8157,0,0
3105,0,0
7937,0,0
22522,1,1
22382,1,1
17286,0,0
23606,1,1
22707,1,1
4949,0,0
21480,1,1
21169,1,1
878,0,1
27649,1,1
25981,1,1
12250,0,1
21375,1,1
10643,0,1
29691,1,1
24261,1,1
9489,0,0
14329,0,0
12660,0,0
24963,1,0
21043,1,1
24432,1,1
10581,0,0
16461,0,0
24838,1,1
17676,1,1
18699,1,1
644,0,0
25326,1,1
29020,1,0
9975,0,0
10515,0,0
13442,0,0
12422,0,1
10240,0,0
24012,1,1
2718,0,0
2842,0,0
9939,0,0
25505,1,1
6892,0,0
13595,0,0
6169,0,0
22560,1,1
13387,0,0
9527,0,0
14480,0,0
5383,0,0
5382,0,1
20471,1,1
15172,0,0
26466,1,1
2868,0,0
4104,0,0
24165,1,1
1227,0,1
19380,1,0
5222,0,1
28047,1,1
22813,1,1
5727,0,0
19829,1,1
9048,0,0
9226,0,0
6346,0,1
16357,0,0
11558,0,0
1668,0,1
14969,0,0
1923,0,0
8863,0,0
18013,1,1
28993,1,0
1087,0,0
4419,0,0
29701,1,0
2157,0,0
11622,0,0
26543,1,0
23683,1,1
20548,1,0
14558,0,0
15837,0,1
9154,0,0
21373,1,1
16107,0,0
7348,0,0
5535,0,0
16175,0,0
9172,0,0
6872,0,1
15030,0,0
12276,0,0
26533,1,1
12079,0,0
28217,1,0
19551,1,0
25529,1,0
8890,0,0
3508,0,0
26447,1,1
12695,0,0
22572,1,0
23550,1,0
7936,0,0
22936,1,1
26262,1,1
14076,0,0
20299,1,1
13090,0,1
24195,1,1
5160,0,0
7748,1,0
21001,1,1
12295,0,0
8482,1,1
24333,1,0
3256,0,0
11567,0,0
19466,1,1
21609,1,1
10406,0,0
4688,0,0
9564,0,0
4813,0,0
20603,1,0
5688,1,1
13822,0,1
4977,0,0
10260,0,0
2497,0,0
18421,1,0
14980,0,0
6095,0,0
5455,0,0
13195,0,0
23810,1,1
26086,1,1
15362,0,0
6906,0,0
6657,0,0
1138,1,1
9279,0,0
27399,1,0
34,0,0
10468,0,1
27519,1,0
22763,1,1
3172,0,0
9995,0,0
17404,0,0
11029,0,0
550,0,1
26915,1,1
12240,0,0
13202,0,0
18318,1,1
8310,0,0
7363,0,0
26097,1,0
22425,1,1
27775,1,0
22255,1,1
7558,0,0
23297,1,1
19721,1,0
19172,1,1
16872,0,0
27147,1,1
11808,0,0
7826,0,0
19066,1,1
14234,0,0
17979,1,1
27841,1,1
20441,1,0
8510,0,0
2730,0,0
423,0,1
20577,1,1
12052,0,0
20763,1,0
16334,0,0
26562,1,1
21912,1,0
29291,1,1
8528,0,1
24127,1,0
24074,1,1
2602,0,0
6508,0,0
7175,0,0
6202,1,0
10911,0,0
22565,1,1
3507,1,1
8870,0,0
15440,1,1
22107,1,1
15322,0,0
17708,1,0
27415,1,0
22502,1,1
14055,0,0
26743,1,0
23469,1,1
20818,1,1
12705,0,0
26578,1,0
21096,1,1
16993,0,0
2308,0,0
4450,0,1
2932,0,0
27199,1,0
20899,1,1
3710,0,1
14653,0,0
26221,1,1
17365,0,0
10859,0,0
15756,0,1
11699,0,0
10090,0,0
24311,1,1
2276,0,0
24663,1,1
13670,0,0
21574,1,1
7427,0,0
9500,0,0
12681,0,0
23461,1,0
15024,0,0
11658,0,0
26647,1,1
22679,1,0
8337,0,0
11189,0,0
13802,0,0
6399,0,0
27418,1,0
9798,0,0
2034,0,0
12724,0,0
27658,1,1
3298,0,0
23394,1,1
24499,1,1
25022,1,1
27920,1,1
9913,0,0
16496,0,0
19306,1,1
9407,0,0
28002,1,1
28199,1,1
1441,0,0
17960,1,0
24349,1,1
19794,1,1
21857,1,1
29549,1,1
18559,1,1
5216,0,0
9598,0,0
13885,0,0
27009,1,1
15727,0,1
3064,0,0
12266,0,0
15063,0,0
1406,0,0
16108,0,0
4556,0,0
1483,0,1
21600,1,0
499,0,0
8025,0,0
20902,1,1
11352,0,1
20367,1,1
6,0,0
6481,0,0
96,0,0
26026,1,1
14001,1,1
3492,0,0
22873,1,1
26960,1,1
27090,1,1
7318,0,0
12518,0,0
27563,1,1
4579,0,1
5393,0,0
27109,1,0
26302,1,0
6977,0,0
20744,1,1
4984,0,0
21586,1,0
11758,0,0
14189,0,0
11997,0,0
24661,1,1
3518,0,1
10579,0,0
8807,0,0
1536,0,0
3318,0,1
2129,0,1
12396,0,0
24686,1,0
17904,1,0
16384,0,0
6128,1,1
3525,0,1
6035,0,0
17840,0,0
1457,0,1
16274,0,1
462,0,0
12354,0,0
1710,0,1
25716,1,0
5128,0,0
29147,1,1
13616,0,0
23023,1,0
21196,1,1
5814,0,0
27291,1,1
8610,0,0
27131,1,1
14624,0,0
16124,0,0
29005,1,1
1122,0,1
19525,1,0
18481,1,1
11778,0,0
6400,0,1
17804,1,1
29514,1,1
21784,1,1
8525,0,0
26932,1,1
17950,1,1
23588,1,1
3106,0,0
3703,0,1
15118,0,1
24240,1,1
12708,0,0
28362,1,1
26651,1,0
18785,1,1
9666,0,0
1118,0,0
17016,0,0
10285,0,0
23381,1,1
24019,1,1
7922,0,0
13922,0,1
4080,0,1
16183,0,0
7713,0,0
20879,1,0
15000,0,0
17467,0,0
14560,0,0
23867,1,1
13762,0,0
10272,0,0
11940,0,0
23957,1,1
6830,0,0
2140,0,1
5348,0,0
4178,0,0
3780,0,0
24289,1,1
23421,1,1
821,0,0
4843,0,0
13370,0,1
16750,0,1
7255,0,0
28901,1,0
16266,0,0
25629,1,1
7091,0,0
17566,1,1
20221,1,0
15980,0,0
19514,1,1
20723,1,1
20321,1,1
24407,1,0
9014,0,0
25553,1,1
18274,1,1
22098,1,1
23790,1,1
23089,1,1
17219,0,0
26747,1,0
24021,1,1
23882,1,1
6492,0,1
23477,1,1
11096,0,0
345,0,0
7790,0,0
16734,0,0
15495,0,0
15013,0,0
24298,1,1
21206,1,0
6760,0,1
12421,0,1
20776,1,1
11869,0,1
3799,0,0
10980,0,0
14230,0,1
6151,0,1
28080,1,1
15196,0,1
3000,0,0
25368,1,1
8492,0,0
27363,1,1
28057,1,1
18954,1,0
738,0,0
18912,1,1
18996,1,0
4739,0,1
29710,1,1
3580,0,0
7007,0,0
10083,0,0
15299,0,0
3673,0,0
573,1,0
19067,1,1
28517,1,1
16397,0,0
1190,0,1
5391,0,0
20291,1,1
17433,0,0
23402,1,1
26365,1,1
24787,1,1
3820,0,1
28638,1,1
7663,1,1
12794,0,0
27380,1,1
8895,0,1
5081,0,0
12609,0,0
28469,1,0
6049,0,1
23397,1,0
19537,1,1
29000,1,1
1078,0,0
13530,0,0
13352,0,1
21995,1,1
8010,0,0
2898,0,0
22178,1,0
2141,0,0
10917,0,1
8721,0,0
25743,1,1
8618,0,0
25690,1,1
18009,1,1
21333,1,1
4699,0,0
9685,0,0
21185,1,1
15809,0,0
9875,0,0
7405,0,1
5115,1,1
28568,1,1
25651,1,1
397,0,0
5804,1,1
14898,0,0
29069,1,1
14737,0,1
25354,1,1
18835,1,0
13816,0,0
24312,1,1
14117,0,0
20885,1,1
24099,1,1
14103,0,1
20680,1,1
5472,1,0
12830,0,0
12564,0,0
6434,0,0
23519,1,1
6522,0,0
24816,1,1
7375,0,0
23240,1,1
18998,1,1
12461,0,0
26149,1,1
10497,0,0
2457,0,1
4955,0,0
22807,1,0
14748,0,0
11393,0,0
8364,0,1
6885,0,0
18054,1,0
22404,1,1
4634,0,0
23409,1,0
92,0,1
11562,0,0
15468,0,1
24571,1,0
16515,0,0
9347,0,0
5047,0,0
3488,0,1
19408,1,0
19973,1,1
5388,0,0
20943,1,0
18999,1,1
27715,1,0
13883,0,0
23910,1,1
23676,1,1
22542,1,1
3058,0,0
12154,0,0
8757,0,1
7346,0,0
27029,1,1
27120,1,1
11305,0,1
4569,0,0
28170,1,0
6463,0,0
25741,1,1
2754,0,0
14002,1,1
14891,0,0
18594,1,1
8029,0,0
7907,0,0
4479,0,0
351,0,0
19407,1,1
27844,1,1
26293,1,1
12426,0,0
19936,1,1
1433,0,0
1092,0,1
742,0,0
9704,0,0
12331,0,1
25968,1,0
10898,0,0
22206,1,1
6712,0,0
28753,1,0
13514,0,0
25258,1,1
18983,1,0
26767,1,1
7231,0,0
24277,1,1
19651,1,0
24455,1,1
22409,1,1
3383,0,1
27067,1,1
4484,0,0
19862,1,1
15633,0,1
20890,1,1
5678,0,0
14146,0,1
1053,0,0
10408,0,0
5572,1,1
3923,0,0
25835,1,0
17559,1,1
14544,0,0
11666,0,0
19011,1,0
27242,1,1
25160,1,0
22930,1,1
12107,0,0
29206,1,1
18886,1,1
13517,0,0
6628,0,0
22770,1,1
19185,1,1
17975,1,1
7030,0,0
24812,1,1
15080,0,1
28991,1,1
19221,1,0
9414,0,0
626,0,0
2540,0,0
18671,1,1
3946,0,0
10168,0,0
12727,0,1
26430,1,1
25701,1,1
18379,1,0
15056,0,1
25669,1,1
7303,0,0
23647,1,1
11963,0,0
18433,1,0
447,0,0
18022,1,0
10887,0,0
20478,1,1
13124,0,0
18732,1,0
23294,1,1
1450,0,0
16439,0,0
6730,0,0
13501,0,0
3725,0,0
9905,0,0
25348,1,1
14530,0,0
28509,1,1
4602,0,0
20832,1,0
4894,0,0
3263,0,0
27074,1,0
19375,1,1
273,0,0
23985,1,0
12893,0,0
29062,1,1
3547,0,0
26497,1,1
22752,1,0
27316,1,1
10378,0,0
4149,0,0
24813,1,0
19044,1,1
17670,1,1
29136,1,1
6663,0,0
13218,0,0
14801,0,0
17328,0,0
4589,1,0
13134,0,1
9309,0,0
11527,0,0
27076,1,1
10212,0,0
11188,0,0
1246,0,0
22311,1,0
28285,1,1
15162,0,1
10062,0,0
18111,1,0
4404,0,0
22939,1,1
13190,0,0
26219,1,1
843,1,0
27583,1,0
14107,0,0
6355,0,0
11955,0,1
22025,1,1
26107,1,1
19199,1,1
25111,1,1
15763,0,0
12876,0,0
16903,0,0
25772,1,1
3482,0,0
4981,0,0
11770,1,0
21866,1,1
1834,0,0
19934,1,1
6758,0,0
26171,1,1
27606,1,1
22944,1,1
8087,0,0
21235,1,1
11227,0,0
963,0,0
2714,0,0
3096,0,0
15878,0,1
13899,0,0
13578,0,0
6788,0,0
11582,1,0
2622,0,1
26899,1,1
12393,0,0
10445,0,0
28668,1,1
19373,1,0
10836,0,0
17211,0,0
8355,0,0
22215,1,0
7569,0,0
13167,0,0
17287,0,0
10342,0,1
19639,1,1
4475,0,0
14402,0,0
8454,0,0
13375,0,0
28631,1,1
24033,1,1
20397,1,1
13638,0,0
26529,1,1
29051,1,1
16129,0,0
22723,1,0
13815,0,0
21750,1,0
13361,0,0
664,0,0
15984,0,0
21693,1,1
18007,1,1
15542,0,0
25845,1,1
10986,0,0
4303,0,1
11321,0,0
22198,1,1
25334,1,1
18090,1,1
11259,0,1
29718,1,1
8218,0,0
2585,0,1
18707,1,0
2240,0,0
3469,0,0
15645,0,0
7152,0,0
2388,0,0
26460,1,1
16722,0,1
6887,0,0
13852,0,0
27580,1,1
28193,1,1
6462,0,0
19759,1,0
26593,1,1
17125,0,0
3928,0,1
27019,1,0
2507,0,1
16253,0,0
11502,0,0
1937,0,0
22146,1,1
7475,0,0
278,0,0
12704,0,0
15723,0,0
19438,1,1
15593,0,1
27252,1,0
8978,0,0
20273,1,0
21414,1,1
17326,0,0
28748,1,1
5570,0,0
2229,0,0
11807,0,0
23786,1,1
6003,0,0
1555,0,0
852,0,0
23026,1,1
18006,1,1
28424,1,1
25871,1,1
21370,1,1
12133,0,0
19500,1,0
18418,1,1
20328,1,1
23592,1,1
24919,1,1
14768,0,0
12437,0,0
29699,1,1
18405,1,1
7668,0,0
14851,0,0
1698,0,0
5679,0,1
15409,0,1
21782,1,0
196,0,0
18582,1,1
16168,0,1
5556,0,0
27226,1,0
7900,0,0
323,0,0
3108,0,1
312,0,0
2320,0,1
8058,0,0
6392,0,0
5139,0,0
6888,0,0
27930,1,0
22772,1,1
27144,1,1
2678,0,0
23627,1,1
474,0,1
2819,0,1
25412,1,1
16897,0,0
7553,0,0
25049,1,1
7505,0,0
19656,1,1
28536,1,1
775,0,0
25837,1,1
20380,1,1
7221,0,0
17934,1,1
12220,0,0
18236,1,1
4819,0,1
12669,0,0
4047,0,0
15526,0,1
10790,0,0
14819,0,0
11368,0,1
9322,0,0
25615,1,1
28133,1,1
7671,0,1
1427,0,1
25443,1,1
1412,0,0
6939,0,0
979,0,0
21859,1,1
14465,0,0
1616,0,0
15818,0,0
17714,1,1
6206,0,0
11129,0,0
23422,1,1
17024,0,0
7341,0,1
19511,1,0
17291,0,0
25779,1,1
24628,1,0
21408,1,1
11010,0,0
22562,1,0
10984,0,0
6138,0,0
2884,0,0
17293,0,0
4952,0,0
1377,0,0
17571,1,0
16432,0,0
3690,0,0
10989,0,0
12309,0,0
23127,1,0
21207,1,0
2476,0,0
6145,1,1
24572,1,1
14618,0,0
10533,0,0
23668,1,1
5155,0,0
8777,0,0
5982,0,1
4850,0,0
28331,1,1
19343,1,1
26356,1,0
10863,0,0
14810,0,0
12840,0,0
12754,0,1
15744,0,0
16190,0,1
14183,0,0
10465,0,0
8665,0,0
1255,0,0
14443,0,0
8639,0,0
18804,1,1
10829,0,0
14943,0,0
10798,0,0
3382,0,0
17923,1,1
29267,1,1
14185,0,1
29216,1,1
22082,1,1
8293,0,0
20239,1,0
7469,1,1
25261,1,1
16554,0,0
17113,0,0
19650,1,1
4343,0,0
13114,0,0
24308,1,1
20495,1,1
3735,0,1
872,0,1
3916,0,0
23856,1,1
12530,0,0
6498,0,0
20983,1,1
1023,0,0
22501,1,1
705,0,0
14576,0,0
8240,0,0
22762,1,1
9922,0,1
6325,0,0
12621,0,0
18206,1,1
7293,0,0
24962,1,1
11740,0,0
9188,0,0
14717,0,0
7809,0,0
2564,0,0
22889,1,0
1815,0,0
9575,0,0
24042,1,1
2325,0,0
5662,0,0
3053,0,0
21853,1,1
5883,0,0
13206,0,0
9263,1,0
16207,0,1
20647,1,1
13052,0,1
12480,0,0
8225,0,0
23619,1,0
21203,1,1
29134,1,0
866,0,1
9816,0,0
15970,0,1
7178,0,0
12311,1,0
21770,1,1
6388,0,0
29555,1,0
10600,0,0
19386,1,1
15665,0,0
26735,1,0
9020,0,0
18700,1,1
7325,0,1
11048,0,1
4336,0,1
26811,1,1
14070,0,1
10311,0,0
19943,1,0
2635,0,0
18986,1,1
8324,0,0
14273,0,0
12778,0,0
19287,1,1
19670,1,1
18463,1,0
2901,0,0
4810,0,0
2508,0,0
17108,0,0
28062,1,1
28839,1,1
24206,1,1
3578,0,0
12462,0,0
15724,0,0
928,0,0
9755,0,0
1837,0,1
26873,1,0
5121,0,1
26847,1,1
16354,0,0
19517,1,0
9504,0,1
7487,0,1
14351,0,1
4168,0,0
29139,1,1
9396,0,0
5665,0,0
4209,0,0
25193,1,1
10580,0,0
19490,1,1
12645,0,0
11961,0,0
14504,0,0
8910,0,0
27011,1,1
1411,0,0
13177,0,0
28957,1,0
17703,1,1
2393,0,0
8797,0,0
20137,1,1
6994,0,0
4391,0,1
24510,1,1
3939,0,0
17282,0,0
15697,0,0
6252,0,0
19163,1,1
8873,0,0
17511,1,1
22789,1,1
12291,0,1
14977,0,0
3834,0,0
28027,1,0
21560,1,1
21700,1,1
4115,0,0
25501,1,1
25378,1,0
11238,0,0
29011,1,1
10855,0,0
26023,1,1
7755,0,0
2383,0,0
27743,1,1
22160,1,0
25564,1,1
2958,0,0
6460,0,0
22390,1,1
2973,0,1
21846,1,1
14733,0,1
911,0,0
7525,0,0
491,0,1
20197,1,1
12401,0,0
1388,0,0
18603,1,1
17184,0,0
14642,0,0
3115,0,0
3068,0,0
4534,0,0
29054,1,1
15276,0,0
12301,0,1
26139,1,0
21348,1,1
8477,1,0
12986,0,0
7049,0,0
23670,1,0
21105,1,1
2715,0,0
1684,0,0
3979,0,0
18162,1,1
11605,0,1
16930,0,0
7578,0,0
22469,1,0
1103,0,0
12968,0,1
6478,0,0
12202,0,1
29269,1,1
13559,0,0
14131,0,0
12058,0,0
20799,1,0
22189,1,1
12904,0,1
16599,0,0
11266,0,0
1475,0,0
15112,0,1
27551,1,1
16481,0,0
28942,1,1
20248,1,1
25088,1,0
9331,0,0
2900,0,0
3394,0,0
1109,0,0
22276,1,1
3378,0,0
18089,1,1
11396,0,0
9682,0,0
5550,0,0
24794,1,1
6879,1,1
22197,1,1
19612,1,1
790,0,1
26597,1,1
17240,0,0
24104,1,1
15615,0,0
25773,1,1
13740,0,1
3639,0,0
18488,1,1
1588,0,0
8459,0,0
28380,1,0
12273,0,0
17661,1,1
25490,1,1
13063,0,0
11004,0,0
29501,1,0
16952,0,0
19338,1,1
7397,0,1
9423,0,0
17446,0,0
21072,1,1
25455,1,0
23302,1,1
7725,0,0
13325,0,0
1804,0,1
4639,0,0
18144,1,1
25757,1,1
8796,0,0
8821,0,0
2992,0,0
25407,1,1
6634,0,1
20284,1,1
19432,1,1
20418,1,1
13175,0,0
6741,0,1
5214,0,0
5746,0,0
23385,1,0
19667,1,1
23292,1,0
17311,0,1
22119,1,0
19242,1,1
17367,0,0
17555,1,1
21854,1,0
19240,1,0
23593,1,0
24620,1,1
46,0,1
6538,0,0
29631,1,1
25204,1,1
25891,1,1
13263,0,0
6746,0,0
17836,0,0
19977,1,1
6164,0,0
24212,1,0
25840,1,1
16265,0,0
6562,0,0
26233,1,1
23329,1,1
13967,0,0
25990,1,0
11732,0,0
243,0,0
25975,1,1
3778,0,0
4186,0,0
11925,0,1
9618,0,0
26470,1,1
11402,0,0
11830,0,0
9132,0,0
1661,0,0
6427,0,0
10289,0,1
16213,0,1
13099,0,0
27791,1,1
22079,1,1
27222,1,1
19544,1,1
21690,1,1
25491,1,1
24698,1,0
13211,0,0
7793,0,1
17013,0,0
26354,1,0
19327,1,1
3193,0,0
20298,1,1
14264,0,1
3585,0,0
13270,0,0
20915,1,1
7070,0,0
1282,0,0
24403,1,1
2111,0,0
29211,1,1
12783,0,0
17785,1,1
7974,0,0
8936,0,1
5859,0,0
17093,0,0
4989,0,0
21025,1,1
16055,0,0
3162,0,0
5610,1,1
29369,1,1
8124,0,0
25951,1,1
16361,0,0
14517,0,0
29279,1,0
25846,1,1
2683,0,0
20242,1,1
21255,1,0
11500,0,0
25268,1,1
11617,0,1
12463,0,0
5068,0,0
52,0,0
9334,0,0
3023,0,1
17754,1,1
9427,0,0
15199,1,1
25573,1,1
15766,0,0
19005,1,1
10520,0,0
2532,0,0
1981,0,1
4341,0,0
1598,0,0
2876,0,1
210,0,0
2533,0,0
25597,1,1
8663,0,0
22521,1,1
11215,0,0
18524,1,1
19485,1,1
14795,0,0
17683,1,1
21680,1,1
23964,1,1
24613,1,1
28652,1,1
501,0,0
8021,0,1
5215,0,0
12364,0,0
22065,1,1
12957,0,0
27152,1,0
2541,0,0
11416,0,0
8902,0,0
16185,0,1
15026,0,0
9792,0,0
2980,0,0
14152,0,1
23751,1,1
4913,0,1
24624,1,0
23060,1,1
1660,0,1
29161,1,1
13102,1,1
3268,0,0
28386,1,0
2867,0,0
11325,0,0
6745,0,0
20084,1,0
19455,1,1
7703,0,0
14875,0,0
8451,0,0
16071,0,1
16167,0,0
18197,1,1
3798,0,0
10228,0,0
29191,1,1
13101,0,0
11710,1,1
21283,1,1
28490,1,1
26471,1,1
14832,0,0
28944,1,1
28992,1,1
29394,1,1
7800,0,0
26741,1,1
24748,1,1
1610,0,1
25371,1,1
3049,0,1
25695,1,1
14569,0,0
14668,0,1
29683,1,0
19424,1,1
29077,1,0
20461,1,1
11264,0,0
14675,0,1
26236,1,1
16613,0,0
27518,1,1
7445,0,0
14283,0,0
13369,0,0
27662,1,1
11086,0,0
11331,0,0
16710,0,0
11225,0,0
13462,0,0
21724,1,0
27549,1,1
1738,0,0
11862,0,0
29525,1,0
9162,0,0
26194,1,1
7439,0,1
26559,1,1
14250,0,0
29336,1,1
674,0,0
3789,0,0
24392,1,1
18856,1,0
6069,0,0
3813,0,0
16449,0,0
20687,1,1
14834,0,0
25360,1,0
21476,1,0
19771,1,1
25063,1,1
26661,1,1
11742,0,0
22256,1,1
22109,1,1
24511,1,0
23368,1,1
2208,0,1
10370,0,1
26623,1,1
23090,1,1
24491,1,0
5925,0,0
15718,0,0
6239,0,0
20351,1,0
18476,1,0
10224,0,0
2960,0,0
4156,0,0
4461,0,0
3208,0,0
25442,1,1
22232,1,1
20743,1,1
27787,1,1
13066,0,0
3050,0,0
7780,0,0
7467,0,0
28106,1,0
9842,1,0
12654,0,0
12813,0,0
9214,0,0
29510,1,1
29624,1,1
17598,1,0
23344,1,1
28804,1,0
9222,0,0
18516,1,1
4165,0,0
26772,1,1
27560,1,0
12766,0,0
12643,0,0
5548,0,1
17688,1,1
25729,1,1
6482,0,0
26025,1,0
15685,0,1
11291,0,0
17779,1,1
13198,0,0
4413,0,0
1487,0,0
26188,1,1
21957,1,1
25211,1,0
13315,0,0
18168,1,1
505,0,0
24782,1,1
27745,1,1
6480,0,0
27699,1,0
11444,0,0
16971,0,1
23342,1,1
2012,0,0
24097,1,1
15098,0,0
26969,1,1
15780,0,0
27800,1,0
99,0,0
29132,1,0
13804,0,1
15145,0,0
12617,0,0
19227,1,1
27467,1,0
23473,1,1
23541,1,1
26752,1,0
15914,0,0
14790,0,0
27093,1,1
28442,1,1
15564,0,0
6757,0,0
12684,0,0
8574,0,0
18067,1,0
28486,1,0
22795,1,1
3483,0,0
341,0,0
1426,0,0
20957,1,0
5627,1,1
3077,0,0
11701,0,1
10610,0,0
28483,1,1
19795,1,1
28820,1,1
25730,1,1
9366,0,0
29022,1,0
1966,0,0
17465,0,0
14507,0,1
21166,1,1
9402,0,0
12749,0,0
24843,1,1
22606,1,1
24907,1,0
15266,0,0
12983,0,0
28144,1,0
1690,0,0
11021,0,0
27980,1,1
5927,0,0
506,0,0
2043,0,0
10008,0,0
18962,1,1
15192,0,0
27370,1,0
20033,1,0
5096,0,0
14097,0,0
15205,0,0
18083,1,1
22491,1,1
18357,1,1
2561,0,0
7568,0,0
12146,0,0
6602,0,0
13250,0,1
12372,0,0
6241,0,0
1569,0,0
11839,0,0
21965,1,1
21016,1,1
18192,1,1
4469,0,0
28877,1,0
19035,1,1
4246,0,0
9568,0,1
27849,1,0
22461,1,0
1266,0,1
21224,1,1
1302,0,0
14682,0,0
17349,0,0
24916,1,0
1968,0,1
18584,1,1
16745,0,1
6814,0,0
20430,1,1
18916,1,0
2904,0,0
23163,1,0
23995,1,1
1047,0,0
3931,0,0
8203,0,0
20649,1,1
9648,0,0
19147,1,0
3222,0,1
18401,1,0
1758,0,0
13267,0,0
13593,0,0
28851,1,1
14065,0,0
6676,0,0
26314,1,1
20487,1,0
10091,0,0
12451,0,0
17237,0,1
6319,0,0
22806,1,1
17574,1,1
8037,0,1
24742,1,1
2153,0,0
25345,1,1
15387,0,0
18212,1,0
27426,1,1
4580,0,0
12140,0,0
2342,0,0
10726,0,0
21649,1,1
980,0,1
22796,1,1
20556,1,1
8513,0,0
334,0,0
19249,1,0
24771,1,1
25636,1,0
20345,1,1
23940,1,0
14433,0,0
22489,1,0
20427,1,1
8769,0,0
22453,1,1
15561,0,0
25105,1,1
12908,0,1
274,0,0
29642,1,1
23621,1,1
17866,0,0
7739,0,0
25239,1,1
26336,1,0
25079,1,0
29588,1,0
5339,0,0
23266,1,1
4229,0,0
28906,1,1
9952,0,0
19949,1,0
13599,0,1
13396,0,1
1396,0,0
12255,0,0
27876,1,1
15642,0,1
20086,1,1
24544,1,1
3027,0,1
7792,0,0
13483,0,0
657,0,0
24365,1,1
5853,0,0
8139,0,0
3427,0,0
1434,0,0
26508,1,1
3594,0,0
3601,0,1
22756,1,0
943,0,0
2286,0,0
21455,1,0
13693,0,0
20339,1,0
17657,1,1
18187,1,0
22062,1,0
16597,0,0
15535,0,1
22246,1,1
3160,0,0
14442,0,0
16249,0,1
24732,1,1
26996,1,1
905,0,0
24029,1,1
27919,1,0
17181,0,1
5980,0,0
18701,1,1
29674,1,1
24413,1,1
28623,1,1
17735,1,1
18597,1,0
22510,1,0
27540,1,0
10586,0,0
14845,0,0
26058,1,1
24068,1,1
16857,0,1
25107,1,0
5172,0,0
17155,0,0
28225,1,1
23487,1,0
10328,0,1
10099,0,0
4296,0,0
2281,0,0
330,0,0
10045,0,0
29431,1,1
9731,0,0
28051,1,1
2518,0,1
20166,1,1
3386,0,1
21081,1,0
24048,1,0
18362,1,1
20027,1,0
17001,0,0
26506,1,1
9328,0,0
12528,0,0
18909,1,1
17768,1,1
1182,0,0
27526,1,1
11943,0,1
12299,0,0
15832,0,0
20761,1,1
10772,0,0
9252,0,0
23083,1,0
15412,0,0
5705,0,0
6904,0,0
25582,1,1
14242,0,1
15543,0,0
20745,1,1
19890,1,1
8292,0,0
5252,0,0
12430,0,0
20856,1,1
7691,0,0
23206,1,1
29365,1,1
23222,1,0
21022,1,1
19684,1,0
2744,0,0
6725,0,0
2280,0,0
5647,0,0
27227,1,0
20970,1,1
8871,0,1
19886,1,1
26348,1,1
27513,1,1
7468,0,0
8153,0,0
17594,1,1
26169,1,1
29038,1,1
24057,1,1
21742,1,1
9796,0,0
19589,1,1
25020,1,1
1664,0,0
12402,0,0
29329,1,1
4645,0,0
24367,1,1
16037,0,0
21661,1,0
24056,1,0
26832,1,0
12559,0,0
10574,0,0
7364,0,0
29215,1,1
11794,0,0
29141,1,1
4771,0,1
18884,1,1
16328,0,1
22458,1,1
5100,0,0
8674,0,1
288,0,0
27685,1,0
27451,1,0
10438,0,0
6527,1,0
13169,0,0
10430,0,0
121,0,0
18702,1,1
16747,0,0
890,0,0
1243,0,0
22525,1,0
3638,0,1
15757,0,0
29265,1,1
18472,1,1
4058,0,0
4148,0,0
19673,1,1
14297,0,0
10019,0,0
29250,1,0
6000,0,0
9350,0,0
26183,1,1
14074,0,0
702,0,0
21974,1,1
12865,0,0
15874,0,1
13729,0,1
13548,0,1
25190,1,1
29667,1,1
15902,0,0
23933,1,0
11206,0,0
4372,0,1
10114,0,0
22123,1,0
9887,0,0
1035,0,0
17964,1,0
9621,0,0
11817,0,0
4832,1,0
23517,1,1
24746,1,1
29087,1,1
27506,1,1
2617,0,0
22631,1,1
8341,0,0
6744,0,0
4720,0,0
25728,1,0
15851,0,0
21513,1,1
16414,0,0
18605,1,1
8132,0,0
23836,1,0
21897,1,1
28588,1,0
27284,1,1
6204,0,0
24934,1,0
21368,1,1
13433,0,1
24474,1,0
25100,1,1
24949,1,1
26882,1,0
16221,0,0
24243,1,1
7228,0,1
7930,0,1
715,0,0
16882,0,0
5975,0,0
5198,0,0
9761,0,0
21821,1,1
15589,0,0
12163,0,0
11863,0,1
1448,0,0
14007,0,0
401,0,0
19728,1,0
15318,0,0
19039,1,1
21143,1,1
29253,1,1
3592,0,0
4339,0,0
9736,0,0
28561,1,0
3752,0,0
23194,1,0
13326,0,0
27443,1,1
23913,1,0
12296,0,1
18043,1,1
8819,0,0
18119,1,1
11125,0,0
6029,0,0
27481,1,0
18602,1,1
11628,1,0
14337,0,0
28305,1,1
3410,0,0
4900,0,0
21861,1,1
24358,1,0
24347,1,1
18920,1,1
21703,1,0
6173,0,0
4756,0,1
28067,1,1
10421,0,0
23138,1,1
25548,1,1
20394,1,1
16525,0,0
8426,0,0
4659,0,0
4480,0,0
7353,1,1
12167,0,0
10569,0,0
23229,1,0
6778,0,0
1510,0,0
22670,1,0
19367,1,0
2119,0,0
19140,1,0
2764,0,0
3698,0,1
25496,1,1
11756,1,1
25718,1,1
8256,0,1
13692,0,1
8042,0,0
2676,0,0
9453,0,0
199,0,0
26659,1,0
21100,1,0
14944,0,0
29019,1,1
5436,0,1
6014,0,0
13075,0,0
1337,0,0
14173,0,1
16649,0,0
22698,1,0
4702,0,1
23489,1,1
16773,0,0
22685,1,0
10621,0,1
25795,1,1
26271,1,1
21404,1,1
1945,0,0
16580,0,0
19339,1,1
13570,0,0
17151,0,0
22064,1,0
3031,0,0
2647,0,1
6863,0,1
28854,1,1
5337,0,0
16264,0,0
12414,0,0
1414,0,0
16731,0,0
21654,1,1
15006,0,0
28135,1,1
21254,1,1
144,1,1
25333,1,0
23905,1,1
1050,0,0
10309,0,0
7456,0,0
28539,1,1
16736,0,0
1512,0,0
16247,0,0
27862,1,1
17626,1,1
22317,1,1
22187,1,1
12594,0,0
16685,0,0
10353,0,0
29155,1,1
3792,0,0
21218,1,0
11274,0,0
13607,0,1
18497,1,1
20332,1,0
7722,0,0
13797,0,1
19784,1,1
21334,1,1
18609,1,0
17170,0,0
24320,1,1
8518,0,0
25897,1,1
10714,0,0
21047,1,0
25665,1,1
21663,1,1
5720,1,1
8845,0,0
19269,1,0
2275,0,0
7217,0,0
17428,0,0
17684,1,1
18598,1,1
6753,0,0
24296,1,1
20775,1,1
21114,1,1
15482,0,0
17781,1,1
17469,0,1
10329,0,0
2943,0,0
26308,1,1
11117,0,0
29473,1,1
29029,1,1
23400,1,1
25097,1,1
17171,0,1
23237,1,0
16573,0,0
17820,1,1
27167,1,0
2664,0,0
16487,0,1
21070,1,1
19243,1,1
26839,1,1
15956,0,0
16560,0,1
12417,0,1
7172,0,0
26073,1,1
4273,0,0
16472,0,0
5576,0,0
3510,0,0
24224,1,1
10933,0,0
23005,1,1
19137,1,1
28807,1,1
21502,1,1
23141,1,1
21851,1,1
5953,0,0
12054,0,1
19609,1,1
2136,1,0
6250,0,1
16147,0,1
26680,1,1
9201,0,0
18340,1,1
24380,1,0
7536,0,0
11697,0,0
20388,1,1
18106,1,0
4203,0,0
11822,0,0
3455,0,0
8932,0,0
24958,1,1
28301,1,0
12636,0,1
20440,1,1
3842,0,0
9688,0,0
18704,1,1
261,0,1
10594,0,0
25281,1,0
13694,0,0
6198,0,0
7759,0,0
7510,0,0
17026,0,0
3579,0,0
14773,0,1
23828,1,1
22779,1,1
16621,0,0
10413,0,0
25456,1,1
9920,0,0
15361,0,0
7317,0,0
20453,1,0
6824,0,1
9929,0,0
656,0,0
7708,0,0
15579,0,1
15104,0,0
28571,1,1
18644,1,1
19070,1,1
14326,0,0
13059,0,0
7516,0,0
22071,1,0
3949,0,0
13494,0,1
28181,1,1
15742,0,0
4969,0,0
16752,0,0
1444,0,0
19532,1,1
12111,0,0
27757,1,1
14303,0,0
3658,0,0
24452,1,1
4742,0,1
7335,0,0
2767,0,1
17379,0,0
15236,0,0
20847,1,0
4845,0,0
22211,1,1
28724,1,1
23848,1,0
27869,1,1
12793,0,0
7191,0,1
1489,0,0
28435,1,1
3643,0,0
24758,1,1
9997,0,0
14579,0,0
23000,1,0
1366,0,1
18240,1,1
29411,1,0
21193,1,1
6912,0,0
21823,1,1
22972,1,0
24776,1,1
26867,1,1
11499,0,0
2464,0,0
12680,0,0
3045,0,0
25010,1,1
4084,0,1
24225,1,1
10462,0,0
8489,0,0
811,0,0
21712,1,0
27208,1,1
20334,1,0
14656,0,0
27928,1,1
367,0,0
18794,1,1
9976,0,0
27864,1,1
6672,0,0
27877,1,1
18759,1,1
127,0,0
13073,0,0
873,0,0
27665,1,0
5803,0,0
5304,0,1
26898,1,1
8057,1,1
9681,0,0
24143,1,1
2982,0,0
15336,0,0
19523,1,1
12630,0,1
11255,0,1
19075,1,0
2405,0,0
14321,0,0
28030,1,1
17501,0,0
27005,1,0
18834,1,1
29448,1,1
13098,0,0
25689,1,0
27186,1,1
5824,0,0
7428,0,0
25919,1,1
23495,1,1
14612,0,0
3566,0,0
21285,1,1
26147,1,1
10914,0,0
14344,0,0
6902,0,0
25141,1,0
23143,1,1
4519,0,0
17791,1,1
15912,0,0
8119,0,1
14816,0,0
21818,1,1
12947,0,0
3402,0,0
16996,0,1
536,0,1
21701,1,1
12701,0,0
29138,1,1
11378,0,1
23075,1,1
23662,1,1
10056,0,0
7885,0,0
5245,0,0
20946,1,1
25040,1,0
16114,0,0
14694,0,1
11057,0,0
11011,0,0
11150,0,0
15625,0,0
19983,1,0
9152,0,0
27830,1,1
12565,0,0
23512,1,1
24530,1,1
3858,0,1
2566,0,1
16638,0,0
13995,0,1
12706,0,1
24929,1,1
25864,1,1
11037,1,1
12216,0,0
27388,1,1
10454,0,0
22049,1,0
8704,0,0
10739,0,0
20451,1,1
5533,0,0
20802,1,1
17552,1,1
25056,1,1
6149,0,0
12245,0,0
8617,0,0
22512,1,1
26316,1,0
7090,0,0
3901,0,0
13307,0,1
8362,0,0
19792,1,1
9443,0,0
12287,0,0
8478,0,0
2641,0,0
3706,0,1
6011,0,0
22825,1,1
24341,1,1
11788,0,0
14192,0,0
4322,0,0
16352,0,1
971,0,0
1453,0,0
880,0,0
6108,0,0
29061,1,0
2463,0,0
17637,1,1
24400,1,1
28836,1,1
14687,0,0
10007,0,0
10422,0,0
28826,1,1
22245,1,1
11682,0,0
25997,1,1
16305,0,0
22196,1,0
10721,0,1
12567,0,0
14752,0,0
17789,1,1
9380,0,0
8246,0,0
1741,0,0
23659,1,0
10951,0,0
23502,1,1
22855,1,1
9000,0,0
2583,0,0
14888,0,0
18490,1,1
27315,1,1
15473,0,0
26075,1,1
14279,0,0
7241,0,0
6502,0,0
5553,0,1
1723,0,1
16839,0,1
346,0,1
27118,1,1
8696,0,1
22127,1,1
4235,0,0
3184,0,0
16130,0,0
19431,1,1
15376,0,0
16926,0,0
18992,1,0
4707,0,1
12534,0,0
12492,0,1
6442,0,1
11928,0,0
16772,0,0
8407,0,0
7104,0,0
13784,0,0
3745,0,0
2724,0,0
29762,1,1
13474,0,0
21227,1,1
3922,0,0
28599,1,0
28107,1,1
18448,1,1
24158,1,1
11216,0,0
21151,1,1
14493,0,1
11655,0,0
2171,0,0
24966,1,1
12491,0,0
22667,1,1
17003,0,0
10300,0,0
29198,1,1
1994,0,0
17993,1,1
19144,1,0
5860,0,1
485,0,0
22645,1,1
4903,0,0
20398,1,1
28127,1,1
26841,1,1
16242,0,1
18622,1,1
3474,0,0
15010,0,0
4351,0,0
17830,1,1
26679,1,1
16811,0,0
4449,0,0
28732,1,1
9363,0,0
15370,0,0
10299,0,0
14411,0,0
8460,0,0
24188,1,0
3697,0,0
7503,0,0
12230,0,0
13707,0,0
17903,1,0
9115,1,0
7534,0,0
16423,0,1
2649,0,0
22340,1,1
4689,0,0
17927,1,1
2579,0,0
10527,0,0
26518,1,1
17185,0,0
24092,1,1
20516,1,1
5929,0,0
3282,0,0
2805,0,1
13310,0,0
17439,0,1
291,0,0
10525,0,0
10953,1,0
23587,1,1
10130,0,0
14724,0,0
5513,1,1
28996,1,1
17246,0,0
18496,1,1
28357,1,0
6418,0,0
4405,0,0
20414,1,1
2949,0,0
1765,0,0
7880,0,0
24623,1,1
6531,0,1
3769,0,0
26673,1,1
11734,0,1
11776,0,0
14913,0,0
14028,0,0
9296,0,1
13687,0,0
27994,1,1
12170,0,0
12633,0,0
25987,1,1
7676,0,0
16768,0,0
19153,1,0
8354,0,0
9811,0,0
3100,0,0
10146,0,1
24608,1,1
13209,0,0
13887,0,0
22989,1,1
13781,0,0
11008,0,0
28751,1,0
741,0,0
2797,0,0
23311,1,1
9061,0,0
2549,0,0
28013,1,0
23849,1,1
15014,0,0
16204,0,0
12659,0,1
3660,0,0
23350,1,1
11327,0,0
7571,0,0
2496,0,1
23272,1,0
29490,1,1
24208,1,1
18967,1,1
25946,1,1
28925,1,1
29600,1,1
13984,0,0
6267,0,0
1827,0,0
25059,1,1
640,0,1
10881,0,0
25096,1,1
21340,1,1
21323,1,1
24167,1,1
6032,0,0
23611,1,0
13172,0,0
25013,1,1
953,0,1
18832,1,1
14127,0,0
2029,0,1
3441,0,0
19161,1,1
20210,1,0
23251,1,1
10823,0,0
13888,0,0
20828,1,1
3246,0,1
13627,0,0
2310,0,0
16657,0,1
26836,1,0
26028,1,1
8040,0,0
19182,1,1
4685,0,0
25606,1,1
6112,0,0
18867,1,0
14034,0,0
1202,1,1
8140,0,0
480,0,0
15101,0,0
23872,1,0
22455,1,1
27091,1,0
18670,1,1
18179,1,1
23130,1,1
1322,0,0
3548,0,0
11832,0,0
3286,0,0
12670,0,0
13153,0,0
5449,0,0
15789,0,0
6174,0,0
3498,0,0
15274,0,0
10132,0,0
19591,1,1
19854,1,1
26793,1,0
16373,0,0
7753,0,0
15227,0,1
927,0,0
12821,0,0
7743,0,0
27904,1,1
6552,1,1
7672,0,0
7500,0,1
22568,1,0
26363,1,1
17876,0,0
3806,0,0
24585,1,1
26405,1,1
9791,0,1
8299,0,0
29401,1,1
5908,0,0
26404,1,1
2221,0,1
26248,1,1
6248,0,1
17324,0,0
10788,0,1
10868,0,0
19498,1,0
22969,1,1
7613,0,0
12927,0,0
11909,0,0
25186,1,1
512,0,0
23506,1,1
29553,1,1
19294,1,1
17550,1,1
24715,1,1
12281,0,0
24990,1,1
8241,0,0
28419,1,1
12010,0,0
1456,0,1
28258,1,1
6802,0,0
15938,0,0
25593,1,0
26334,1,1
16161,0,0
19930,1,1
16421,0,0
23316,1,1
23945,1,0
28812,1,1
3876,0,1
6126,0,0
21524,1,1
10369,0,0
9653,0,0
18529,1,0
22247,1,1
6708,0,0
26817,1,1
5225,0,0
21635,1,0
8919,0,0
29598,1,1
28584,1,1
2955,0,0
9192,0,0
18234,1,1
12110,0,0
16308,0,0
25979,1,1
11598,0,0
230,0,0
15820,0,0
4143,0,0
28832,1,1
29637,1,1
19261,1,1
4028,0,0
13577,0,0
2762,0,0
9433,0,0
20034,1,1
22549,1,0
25609,1,1
20043,1,1
8180,0,1
9771,0,0
1553,0,1
12610,0,0
28833,1,1
4457,0,0
20506,1,1
18926,1,0
3635,0,0
4320,0,0
15159,0,1
8958,0,0
23498,1,1
7745,0,0
23432,1,0
22203,1,1
16045,0,0
5770,0,1
17134,0,1
15176,0,0
11497,0,0
1901,0,0
11615,0,1
4037,0,0
7555,0,1
8622,0,0
25222,1,1
1336,0,0
10359,0,0
16735,0,0
9676,0,0
20479,1,0
9625,0,0
1470,0,0
20715,1,0
26511,1,1
2903,0,0
24155,1,1
14393,0,0
17601,1,1
1642,0,0
25880,1,1
15045,0,0
29480,1,0
10154,0,0
15788,0,0
20701,1,1
4438,0,0
18235,1,0
8135,0,0
28422,1,1
28778,1,1
21091,1,1
19746,1,1
11124,0,0
18718,1,1
16058,0,0
2133,0,0
5799,0,0
20796,1,1
9932,0,0
10656,0,0
20592,1,1
10221,0,0
15411,0,0
1215,0,0
14811,0,0
14088,0,0
9737,0,0
25313,1,1
14942,0,1
9426,0,0
9571,0,0
14861,0,1
15143,0,0
1715,0,0
17869,0,1
12036,0,0
26762,1,1
23435,1,0
14601,0,0
6688,1,1
5098,0,1
16495,0,0
29289,1,1
19468,1,1
14791,0,0
22888,1,1
9977,0,0
19312,1,1
25985,1,0
13800,0,0
10398,0,0
4501,0,0
8922,0,0
13235,0,0
10011,0,0
2851,0,0
1889,0,1
9526,0,0
26719,1,0
22627,1,1
16813,0,1
12637,0,0
24046,1,1
29007,1,0
15516,0,0
21531,1,0
29634,1,1
18855,1,1
4070,1,1
9807,0,0
2918,0,1
3711,1,0
24176,1,0
25633,1,1
936,0,0
24267,1,0
23027,1,1
8288,1,0
27542,1,1
752,0,0
6612,0,0
14204,0,0
26291,1,1
22416,1,0
16139,0,0
25214,1,1
24385,1,0
28716,1,0
14556,0,0
22875,1,0
19148,1,1
14535,0,0
27770,1,1
10175,0,0
13524,0,0
1147,0,0
9812,0,0
3971,0,0
8023,0,0
7652,0,0
17827,1,1
6797,0,0
17984,1,1
4706,0,1
5864,0,0
27493,1,0
25494,1,1
27747,1,1
7278,0,1
4421,0,0
9733,0,1
18331,1,1
8047,0,0
25304,1,0
17782,1,1
4877,0,1
28565,1,0
28048,1,1
3662,0,1
3829,0,0
17436,0,0
25391,1,1
24003,1,0
26635,1,1
5880,0,0
5671,0,0
10149,0,0
7499,0,0
1045,0,0
3308,0,0
25762,1,0
8413,0,0
16572,0,1
28736,1,1
20839,1,0
18466,1,1
22543,1,0
21780,1,1
14361,0,0
9287,0,0
25384,1,1
16011,0,1
21763,1,1
5844,0,1
5532,0,0
21418,1,1
13726,0,0
16186,0,0
3284,0,1
3874,0,0
10884,0,0
12074,0,0
19478,1,1
4844,0,1
24488,1,1
20615,1,0
23571,1,1
4785,0,0
8365,0,0
4285,0,0
9565,0,0
9242,0,1
18075,1,1
24424,1,1
6526,0,1
27485,1,1
25463,1,0
26276,1,1
16596,0,0
23423,1,0
22205,1,1
26718,1,1
10205,0,0
16895,0,0
8214,0,0
24653,1,0
27225,1,1
14902,0,0
20759,1,1
27702,1,1
2726,0,1
14285,0,0
10779,0,0
10961,1,0
15622,0,0
21983,1,1
1947,0,0
16272,0,0
532,0,0
29509,1,0
19026,1,0
5841,0,0
27879,1,1
19398,1,1
14375,0,1
21789,1,0
18686,1,0
23239,1,1
12432,0,0
7886,0,0
8034,0,1
1959,0,0
24145,1,1
11427,0,0
19774,1,1
19319,1,0
12524,0,0
22871,1,1
21629,1,0
7600,0,0
23909,1,1
18334,1,1
10122,0,1
24086,1,1
19130,1,1
21610,1,1
24546,1,1
13573,0,0
15382,0,0
1113,0,0
35,0,0
1730,0,0
19304,1,1
24976,1,1
6215,0,0
1471,0,0
14217,0,0
11192,0,0
9267,0,1
6547,0,0
21441,1,1
17035,0,0
22430,1,1
13416,0,1
1422,0,0
8602,0,0
5464,0,1
9573,0,0
2055,0,0
25396,1,1
29086,1,1
13911,0,0
6847,0,0
13812,0,0
8729,0,0
10765,0,0
7779,0,0
24859,1,1
14623,0,0
28037,1,1
1635,0,1
5384,0,0
24719,1,1
26453,1,1
17203,0,0
17581,1,1
26013,1,0
10290,0,1
17656,1,0
28377,1,0
24049,1,1
24814,1,1
16547,0,0
382,0,1
3169,0,0
13083,0,1
13356,0,0
19283,1,1
13298,0,0
20228,1,1
28165,1,1
19714,1,1
21028,1,0
25072,1,0
20859,1,1
10556,0,0
4972,0,0
8137,0,0
7209,0,0
27937,1,1
26351,1,1
2009,1,1
12826,0,0
18502,1,1
20177,1,1
23113,1,1
27055,1,0
12440,0,0
4738,0,0
13594,0,0
8030,0,0
5377,0,0
16686,0,0
29264,1,1
17539,1,1
26851,1,0
718,0,1
1771,0,0
26522,1,0
14787,0,0
2404,0,0
24138,1,1
27725,1,0
21287,1,0
12694,0,0
29668,1,1
19722,1,1
2595,0,0
2004,0,0
14161,0,0
22037,1,1
24593,1,0
20372,1,0
28814,1,1
2408,0,1
16962,0,0
2142,0,0
22494,1,1
17991,1,1
26104,1,1
9240,0,0
9194,0,0
28564,1,0
12135,0,0
4408,0,0
27656,1,1
5496,0,1
21033,1,0
15978,0,0
12585,0,0
4867,0,0
21711,1,1
10153,0,0
10608,0,1
17226,0,0
2947,0,0
3929,0,1
20709,1,1
28097,1,1
9038,0,0
17693,1,1
13745,0,0
13725,0,0
13903,0,0
23352,1,1
25616,1,1
9760,1,1
17278,0,1
7721,0,0
10030,0,0
8317,0,0
22801,1,1
4393,0,0
15755,0,0
15017,0,0
28860,1,1
12035,0,0
2752,0,0
13953,0,0
24493,1,1
10368,0,0
16387,0,0
20933,1,1
1666,0,0
20924,1,1
3470,0,1
19058,1,1
27773,1,0
7924,0,0
5042,0,0
17104,0,0
3270,0,0
21645,1,1
7976,0,0
19809,1,1
993,0,0
25340,1,1
29137,1,0
15283,0,0
5561,0,0
7085,0,0
7113,0,1
3694,0,1
20507,1,0
19055,1,0
14753,0,0
16739,0,0
28366,1,0
5354,0,0
11592,0,0
17729,1,0
19633,1,1
8874,0,0
802,0,0
28506,1,1
8079,0,0
14460,0,0
5453,0,0
26265,1,1
9936,0,0
13049,0,0
18253,1,1
12027,0,0
8282,0,0
10157,0,0
18398,1,1
24691,1,1
16255,0,0
9134,0,0
13194,0,0
20510,1,0
4513,0,0
27100,1,1
22324,1,1
736,0,0
6455,0,0
18948,1,0
17314,0,0
24084,1,0
283,0,0
23318,1,1
4034,0,0
12759,0,0
20994,1,1
2250,0,0
2259,0,0
3451,0,0
21505,1,1
21820,1,1
29524,1,0
6504,0,0
19009,1,1
8867,0,0
13664,0,0
11237,0,0
8170,0,0
10783,0,0
25790,1,0
23514,1,0
8760,0,0
7449,0,0
5712,0,0
25206,1,1
13561,0,0
25791,1,1
23207,1,1
14666,0,0
15377,0,0
5836,0,0
23140,1,1
10718,0,0
5135,0,1
9362,0,0
12307,0,0
21150,1,1
1805,0,0
20336,1,1
17780,1,1
27573,1,1
22974,1,1
4584,0,0
11293,0,0
2316,0,0
8090,0,0
15691,0,0
14742,0,0
26924,1,1
23912,1,0
16403,0,0
26947,1,0
29066,1,1
18687,1,0
2084,0,1
17895,1,1
3329,0,0
8929,0,0
19038,1,1
27674,1,1
27766,1,0
20627,1,1
2874,0,0
22609,1,1
12767,0,0
21686,1,0
28060,1,0
24761,1,1
25622,1,1
20803,1,1
11764,1,0
22579,1,1
5220,0,0
5006,0,0
24388,1,1
13857,0,0
20024,1,0
23169,1,1
4546,0,0
9128,0,0
26886,1,1
23315,1,1
12788,0,0
12738,0,0
16552,1,1
25758,1,1
23062,1,1
280,0,0
14725,0,0
18085,1,1
9183,0,0
19772,1,0
16155,0,1
28480,1,0
16595,0,0
24064,1,1
23202,1,1
9103,1,0
26428,1,1
9198,0,1
10654,0,0
10352,0,0
25083,1,0
11389,1,0
19325,1,1
20578,1,0
8416,0,0
8969,0,0
7136,0,1
20834,1,1
1179,0,0
28816,1,1
24947,1,1
10104,0,1
10092,0,0
26799,1,1
27046,1,0
20424,1,1
16426,0,1
22956,1,1
14463,0,0
8834,0,0
24527,1,1
15783,0,0
3964,0,0
20484,1,1
29685,1,1
23538,1,1
6662,0,0
25101,1,0
7100,0,0
21662,1,1
26945,1,1
1121,0,0
7033,0,0
14636,0,0
23877,1,1
959,0,1
2362,0,0
7497,0,0
4181,0,0
14854,0,0
13162,0,0
4794,0,0
4672,0,1
29010,1,1
18098,1,1
12710,0,0
6422,0,0
27174,1,0
24808,1,1
4605,1,0
18902,1,1
12973,0,0
12741,0,0
14978,0,1
28919,1,0
22818,1,1
25045,1,1
22732,1,0
6366,0,1
14990,0,0
27895,1,0
14667,0,0
20250,1,1
26978,1,1
22152,1,0
12351,0,0
22468,1,1
1163,0,0
1175,0,0
10735,0,0
28210,1,1
9509,0,0
21490,1,0
25453,1,1
9473,0,0
22610,1,1
25929,1,1
11304,0,0
2277,1,1
8270,0,1
3189,1,1
13827,0,0
15294,0,0
15652,0,0
19088,1,0
4991,0,0
4751,0,0
24969,1,1
12933,0,0
21946,1,1
18503,1,1
6726,0,0
22231,1,1
7767,0,0
15057,0,0
147,0,1
8714,0,1
4170,0,0
10620,0,0
9831,1,0
27283,1,0
19057,1,0
6951,0,0
11405,0,0
43,0,0
16584,0,0
23445,1,1
26131,1,1
20804,1,1
17963,1,0
11020,0,0
18946,1,1
5879,0,0
10429,0,0
11476,0,0
11836,0,1
25112,1,1
22464,1,0
10944,0,0
26294,1,0
19658,1,1
6804,0,0
5516,1,1
16229,0,0
15621,0,0
10483,0,0
6428,0,0
12574,0,0
3316,0,0
3840,0,0
18917,1,1
5477,0,1
29641,1,1
11288,0,0
4125,0,0
15726,0,1
9934,0,0
8197,0,0
25270,1,0
22674,1,1
9872,0,1
6334,0,0
10493,0,1
20545,1,1
23706,1,1
10710,0,0
3595,0,0
2694,0,0
996,0,1
3210,0,0
13712,0,0
12675,0,1
26299,1,1
14614,0,0
29567,1,1
13847,0,0
14410,0,0
20232,1,1
5157,0,0
28842,1,1
15268,0,0
12527,0,0
26686,1,1
11976,0,1
12967,0,0
17938,1,1
13728,0,1
17891,1,1
29733,1,1
29109,1,1
27929,1,0
17489,0,0
1482,0,1
2445,0,0
23137,1,1
22218,1,1
24088,1,1
28655,1,0
29227,1,1
22039,1,1
6328,0,1
29572,1,1
3102,0,1
16418,0,1
14524,0,0
27317,1,0
896,0,0
11717,0,0
7827,0,1
25911,1,1
17220,0,1
22034,1,0
6620,0,0
10676,0,0
23339,1,0
13792,0,0
20482,1,1
5589,0,0
25796,1,0
25600,1,1
20301,1,1
9804,0,0
24655,1,1
15714,0,0
15272,0,0
1818,0,0
21805,1,1
3426,0,0
15303,0,0
14248,0,1
23598,1,1
21448,1,1
10689,0,0
5621,0,0
21301,1,1
10249,0,0
18239,1,1
27489,1,1
25900,1,0
10671,0,0
23471,1,0
15059,0,1
22169,1,0
5035,0,0
10256,0,0
27289,1,0
9942,0,0
16088,0,1
14525,0,0
22990,1,1
28606,1,1
22201,1,1
18250,1,1
25318,1,1
23923,1,1
14050,0,0
538,0,0
17746,1,1
11566,0,0
6148,0,0
17179,0,0
4740,0,0
21541,1,1
21349,1,1
17335,0,0
12922,0,0
24625,1,1
21893,1,1
27704,1,1
11315,0,0
1323,0,0
22814,1,1
2885,0,0
13220,0,0
14651,0,1
7640,0,1
15278,0,0
19031,1,1
22519,1,1
22456,1,1
19435,1,1
25395,1,1
13014,0,0
22141,1,1
13213,0,0
20303,1,1
28632,1,0
24866,1,1
29310,1,1
8615,0,0
13011,0,0
4540,0,0
24660,1,1
503,0,0
12353,0,0
24014,1,1
4120,0,0
22697,1,1
26366,1,1
14048,0,0
7565,0,0
11361,0,1
7251,0,0
5332,0,0
17161,0,0
8193,0,1
17510,1,1
27520,1,1
5201,0,0
9544,0,0
26394,1,1
12481,0,0
11511,0,1
6948,0,0
7785,0,0
19193,1,0
6714,0,0
9329,0,0
26229,1,1
5394,0,0
13061,0,0
29301,1,1
8474,0,0
4985,0,0
12477,0,0
22151,1,0
12499,0,0
8278,0,0
8374,0,0
15044,0,0
5148,0,0
25061,1,0
15237,0,1
21321,1,0
24760,1,1
10198,0,0
4814,0,0
14919,0,0
29125,1,1
11903,0,1
23178,1,1
13842,0,0
4915,0,0
27530,1,1
1603,0,0
27764,1,1
27991,1,1
25153,1,0
8500,0,1
29097,1,1
1612,0,0
6425,0,0
18377,1,0
25140,1,1
28744,1,1
24162,1,1
1530,0,1
26068,1,1
4596,0,0
9375,0,0
15786,0,1
29377,1,1
8238,0,0
1033,0,1
5199,0,1
24386,1,1
14766,0,1
3242,1,0
15731,0,0
13010,0,0
13916,0,0
27146,1,0
12994,0,0
1962,0,0
12709,0,0
1346,0,1
10992,0,0
16665,0,0
3844,0,0
25203,1,1
18374,1,1
23694,1,0
5787,0,0
7888,0,0
20357,1,1
12143,0,0
28552,1,0
24481,1,1
18426,1,1
17202,0,1
1056,0,1
8504,0,0
5729,0,0
21402,1,1
1183,0,0
28569,1,1
8735,0,0
21002,1,1
28082,1,0
18183,1,0
1347,0,0
23608,1,1
12065,0,0
11472,0,0
17747,1,1
263,0,0
13742,0,0
22235,1,1
14573,0,0
9707,0,0
27637,1,1
20444,1,1
6484,1,1
10834,0,0
5181,0,0
29500,1,0
6111,0,1
25398,1,1
29257,1,1
150,0,0
3229,0,0
29338,1,0
12539,0,1
23914,1,1
7249,0,0
27287,1,0
4220,0,0
7024,0,1
29756,1,0
24728,1,0
5784,0,0
11670,0,0
24343,1,1
14068,0,0
22220,1,1
12369,0,0
18079,1,1
5325,0,0
19865,1,1
19179,1,0
8295,0,0
14105,0,0
17962,1,1
6237,1,1
16721,0,0
29681,1,1
6120,0,1
21094,1,1
19957,1,1
29390,1,1
26419,1,1
28705,1,1
20621,1,1
9253,0,0
5657,0,0
26701,1,1
24053,1,1
9070,0,0
25421,1,1
315,0,0
20179,1,0
25069,1,0
1915,0,1
12341,0,0
5564,0,0
26750,1,1
12375,0,0
7579,0,1
9441,0,0
25814,1,1
6720,0,0
19599,1,1
6925,1,1
16601,0,0
21590,1,1
2117,0,0
20133,1,1
2813,0,1
25648,1,0
4282,0,0
22747,1,0
11574,0,0
15807,0,0
290,0,0
15404,0,0
16827,0,0
12898,0,0
26814,1,1
23401,1,1
14144,0,0
2214,0,0
22021,1,1
24443,1,1
875,0,0
6656,0,0
3993,0,0
18853,1,1
29530,1,1
23045,1,1
9434,0,0
22383,1,1
12244,0,0
9284,0,0
10297,0,0
4982,0,0
9585,0,0
27887,1,0
2588,0,0
15884,0,0
10339,0,0
11061,0,0
23717,1,1
24015,1,1
1729,0,0
27809,1,1
15654,0,0
29551,1,1
1387,0,0
13486,0,0
5437,0,0
29060,1,1
2375,0,0
28085,1,0
1133,0,1
11323,0,0
21756,1,0
21753,1,0
2592,0,0
26141,1,1
12667,0,0
12403,0,0
17315,0,0
2300,0,0
19452,1,1
7132,0,0
6070,0,0
12387,0,0
15239,0,0
15730,0,0
18894,1,0
17008,0,0
28092,1,1
10853,0,0
17476,0,0
26480,1,0
23184,1,1
2501,0,0
14761,0,0
11082,0,0
13108,0,0
26797,1,0
9213,0,0
23831,1,1
21200,1,1
8158,0,0
8832,1,1
26994,1,1
167,0,1
24551,1,1
10935,0,0
20685,1,0
1644,0,1
14276,0,0
2414,0,1
23307,1,0
22905,1,1
17989,1,1
3612,0,1
9090,1,1
4851,0,0
12137,0,0
2760,0,1
21220,1,0
5780,0,0
21212,1,0
9539,0,0
3503,0,0
247,0,0
8823,0,0
25397,1,0
9722,0,1
29333,1,1
450,0,0
487,0,0
12457,0,1
27142,1,1
18365,1,1
9469,0,0
14064,0,0
16441,0,0
24744,1,0
10939,0,0
13271,0,0
15694,0,1
11661,0,0
12691,0,0
1063,0,0
4344,1,1
26807,1,0
1114,0,1
10366,0,0
18750,1,1
28121,1,1
9165,0,0
14181,0,0
18970,1,0
3001,0,0
13282,0,0
9250,0,0
5954,0,0
17980,1,0
18685,1,1
8375,0,0
20742,1,1
1662,1,1
15117,0,0
28494,1,0
28852,1,1
26577,1,1
24537,1,1
11224,0,0
26337,1,1
7801,0,0
20883,1,1
17389,1,1
10511,0,1
4347,0,1
11248,0,0
20158,1,1
29721,1,1
28472,1,1
9561,0,0
26285,1,1
3197,0,1
5414,0,0
8074,0,1
10235,0,0
24004,1,1
12398,0,0
23595,1,1
5425,0,0
1371,0,0
26784,1,1
19732,1,1
1106,0,0
22362,1,1
4026,0,0
26478,1,1
13766,0,1
28542,1,0
5236,0,1
22133,1,1
29427,1,1
26216,1,1
5460,0,0
15497,0,0
13959,0,0
1086,0,0
15219,0,0
12228,0,0
21824,1,1
18831,1,0
8487,0,0
11917,0,0
7286,0,0
25018,1,1
16983,0,0
11443,0,0
11007,0,0
9291,0,0
7474,0,0
20684,1,1
27947,1,1
12290,0,0
2145,0,0
16545,0,0
17503,0,0
8786,0,0
20346,1,1
13646,0,0
9674,0,1
19369,1,1
1311,0,0
18142,1,0
5466,0,1
3608,1,1
13691,0,0
9068,0,0
25143,1,0
4375,0,0
4128,0,0
4871,0,0
2639,0,0
4036,0,0
24536,1,1
29288,1,1
26392,1,1
12131,0,0
12918,0,0
3035,0,0
601,0,0
23070,1,1
13544,0,0
7978,0,0
25440,1,1
6689,0,1
24920,1,1
11733,0,0
5523,1,1
27927,1,0
29356,1,1
409,0,0
13583,0,0
23526,1,1
15324,0,0
3350,0,0
7330,0,1
22315,1,1
12195,0,0
14467,0,0
23098,1,1
27459,1,1
5379,0,0
26542,1,0
19674,1,1
27021,1,1
11872,0,0
22427,1,1
221,0,0
26204,1,1
14602,0,0
28567,1,1
5026,1,1
21626,1,0
5045,0,1
8319,0,0
25605,1,1
380,0,1
22128,1,1
649,0,0
19379,1,1
27140,1,0
15068,0,0
23287,1,1
1822,1,0
27183,1,1
19703,1,0
20338,1,1
26902,1,1
2152,0,0
11960,0,0
6596,0,0
607,0,0
3589,0,0
24635,1,1
16379,0,0
21089,1,1
28138,1,1
26301,1,0
28176,1,1
18873,1,1
20464,1,0
8979,0,0
7451,0,0
17075,0,0
13950,0,1
8931,0,0
29088,1,1
3421,0,0
12723,0,0
6186,0,0
27536,1,1
4252,0,0
17049,0,1
8267,0,0
23117,1,1
7606,0,0
11775,0,0
22277,1,1
11072,0,0
29413,1,1
14054,0,1
6920,0,1
26362,1,1
8211,0,0
14359,0,1
21215,1,1
5114,0,0
12051,0,0
26170,1,1
231,0,0
3272,0,0
22241,1,1
12756,0,1
8517,0,0
9418,0,0
8141,0,0
6896,0,0
12952,0,0
4884,0,0
75,0,0
13925,0,0
8761,0,0
1108,0,0
9520,0,0
5777,0,1
2209,1,1
7822,0,0
2386,0,0
748,0,0
6440,0,0
18501,1,1
29557,1,1
9822,0,0
27785,1,1
2359,0,0
1599,0,0
476,0,0
11828,0,0
17762,1,1
14582,0,0
15244,0,0
4048,0,0
28157,1,1
29321,1,1
16203,0,0
11547,0,0
259,0,1
27703,1,1
7955,0,0
17192,0,0
29209,1,1
11449,0,0
20082,1,1
3537,0,0
21602,1,1
23497,1,1
16771,0,0
24456,1,1
20383,1,1
27343,1,1
29479,1,0
2701,0,0
16693,0,0
4455,0,0
16947,0,0
18518,1,0
18534,1,1
8892,0,0
17496,0,0
9642,0,0
17409,0,0
18652,1,1
10963,0,0
19781,1,1
2619,0,0
3504,0,0
12339,0,0
22300,1,1
8647,1,0
14236,0,0
1796,0,0
14198,0,1
27579,1,1
12584,0,0
16143,0,0
6580,0,1
4932,0,1
5601,0,0
6352,0,0
28420,1,1
10469,0,0
14950,0,1
27938,1,1
4097,0,0
29082,1,1
17068,0,1
2740,0,0
16856,0,1
29602,1,0
5018,0,0
22407,1,1
7969,0,0
14316,0,0
14722,0,0
9043,0,0
17427,0,0
28535,1,0
5500,0,1
23493,1,0
13437,0,0
5604,0,0
16536,0,0
2864,0,0
13630,0,0
9051,0,0
6395,0,0
22715,1,1
20070,1,1
27230,1,1
5771,0,0
10439,0,0
3988,0,1
20634,1,0
2350,0,0
13165,0,0
14395,0,1
9644,0,0
13398,0,1
26629,1,1
24534,1,1
20630,1,1
15165,0,1
23677,1,1
8316,0,0
4003,0,1
27690,1,1
3002,0,0
14018,0,0
25839,1,1
734,0,1
21390,1,1
9845,1,0
22486,1,1
21198,1,1
16202,0,0
19047,1,1
15144,0,0
20881,1,1
18868,1,1
27964,1,1
6187,0,1
28102,1,0
7337,0,0
13141,0,0
4679,0,1
28986,1,0
4471,0,1
18438,1,1
16989,0,0
5461,0,1
7438,0,0
22585,1,0
29135,1,1
25601,1,0
10543,0,1
1580,0,0
26290,1,1
1911,0,0
13188,0,0
91,0,0
12264,0,0
188,0,0
4793,0,0
28395,1,1
5286,0,0
27181,1,1
18245,1,1
321,0,0
6404,0,0
5937,0,0
4291,0,0
23795,1,0
14115,0,0
194,0,0
2830,0,0
7508,0,0
23521,1,1
12505,0,0
2516,0,0
24446,1,1
14355,0,0
12358,0,0
21086,1,1
16902,0,0
7567,0,0
756,0,0
8054,0,0
13588,0,0
17697,1,1
25389,1,1
1747,0,1
24718,1,0
25988,1,0
1052,0,0
25954,1,0
2444,1,0
15469,0,0
18078,1,1
17217,0,1
13710,0,0
10500,0,0
8372,0,0
15009,0,0
10981,0,0
23520,1,1
6072,0,0
8650,0,0
24553,1,1
19839,1,1
25430,1,0
10322,0,0
6024,0,0
13154,0,0
7306,0,0
8544,0,1
12792,0,0
17983,1,1
3753,0,1
17402,0,0
15395,0,0
11297,0,0
23884,1,1
1808,0,0
26681,1,0
13438,0,0
16224,0,1
20145,1,1
4416,0,0
18469,1,1
23417,1,1
20547,1,0
20489,1,1
7667,0,0
21145,1,0
23286,1,1
22833,1,1
2937,0,0
14363,0,1
22159,1,0
14585,0,0
13985,0,0
10862,0,0
24927,1,1
15109,0,0
18283,1,0
3884,0,0
22073,1,0
18026,1,0
15095,0,0
17117,0,0
2769,0,0
20658,1,1
6557,1,1
14464,0,1
11311,0,0
10968,0,0
8340,0,0
13952,0,0
15963,0,0
11487,0,0
11959,0,1
7585,0,0
17526,1,1
19234,1,0
28125,1,1
19215,1,1
17931,1,1
8048,0,0
19246,1,1
25307,1,0
12022,0,0
26668,1,1
16355,0,0
6517,0,0
29335,1,1
13837,0,0
10645,0,0
6362,0,0
27577,1,0
23988,1,1
14613,0,0
22061,1,1
3082,0,1
26434,1,1
18167,1,1
16505,0,0
12272,0,0
21822,1,1
17,0,0
9464,0,0
13475,0,1
20882,1,1
21516,1,1
18159,1,1
14177,0,0
9254,0,0
24180,1,1
2435,0,0
18413,1,0
17645,1,1
8072,0,0
8971,0,0
1493,0,1
2008,0,0
21276,1,0
5094,0,1
18389,1,0
10381,0,0
26442,1,1
27589,1,1
10231,0,1
16606,0,0
11818,0,0
6244,0,1
19632,1,1
1801,0,0
17599,1,1
14603,0,0
8304,0,0
5456,0,1
17362,0,0
5501,0,0
7102,0,0
26057,1,1
8862,0,0
1303,0,0
20952,1,0
15243,0,0
12832,0,0
7486,0,0
2734,0,0
5749,0,0
11935,0,1
29441,1,1
2546,0,0
9463,0,0
15513,0,0
11932,0,0
25145,1,1
4560,0,0
2195,0,0
27574,1,1
1703,0,0
8634,0,0
1290,0,0
22635,1,1
28284,1,0
17423,1,1
25403,1,1
7488,0,0
24408,1,0
26053,1,0
22784,1,1
4678,0,0
12475,0,0
29234,1,1
9298,0,0
28971,1,0
10814,0,0
396,0,0
8914,0,0
21540,1,1
13469,0,0
13574,0,1
18226,1,1
24716,1,1
4110,0,0
20164,1,1
23623,1,1
17083,0,0
26708,1,0
11973,0,1
1595,0,0
9233,0,0
21885,1,1
27902,1,1
14353,0,0
25848,1,0
5979,0,0
26757,1,1
25623,1,1
25734,1,0
6779,0,0
16700,0,1
22680,1,0
28847,1,1
20853,1,0
9645,0,0
482,0,0
772,0,0
12367,0,0
12042,0,1
19731,1,1
24667,1,1
22577,1,1
7417,0,0
19780,1,0
24444,1,1
16543,0,0
13144,0,1
22411,1,1
4974,0,1
20399,1,1
2232,0,0
14938,0,0
23226,1,0
23830,1,1
23216,1,1
2784,0,1
29350,1,1
6438,0,0
3581,0,0
12517,0,0
10690,0,0
16853,0,1
2319,0,0
16051,0,0
13999,0,0
5226,0,0
13655,0,0
12850,0,0
23361,1,1
13244,0,0
26612,1,0
20078,1,1
19542,1,1
22007,1,1
10276,0,0
9728,0,1
11654,0,0
16906,0,0
27739,1,1
27872,1,1
20374,1,1
3399,0,0
27073,1,1
3919,0,0
16966,0,0
20011,1,1
6983,0,0
24997,1,0
3214,0,0
17720,1,1
24197,1,1
10504,0,0
14372,0,1
8687,0,0
22041,1,1
7934,0,1
26132,1,1
24965,1,1
24793,1,0
3181,0,0
3757,0,0
28166,1,1
14006,0,1
28997,1,0
16381,0,1
7908,0,0
13619,0,1
27550,1,1
29070,1,1
6919,0,1
3616,0,0
18779,1,1
3541,0,0
18548,1,1
1743,0,1
13295,0,0
19469,1,1
4950,0,0
16674,0,0
1675,0,0
15961,0,0
119,0,0
11611,0,0
7302,0,0
4119,0,0
21740,1,1
23273,1,1
3986,0,1
5221,0,0
23777,1,0
11247,0,0
9880,0,0
7042,0,1
7602,0,0
17763,1,1
21728,1,1
5219,0,0
13972,0,1
3142,0,0
21963,1,0
27755,1,1
520,0,0
385,0,1
25406,1,1
19887,1,0
8616,0,0
20785,1,1
5711,0,1
24923,1,1
16200,0,0
2449,0,0
11034,0,0
17268,0,0
20000,1,1
438,0,0
5343,0,0
20401,1,1
168,0,0
24065,1,1
11988,0,0
3978,0,1
10597,0,0
21085,1,1
18563,1,1
3609,1,1
27417,1,0
6091,0,0
4696,0,0
21920,1,1
21765,1,1
27096,1,1
681,0,0
12776,0,0
12113,0,1
19368,1,1
8570,0,0
23002,1,1
2135,0,0
23288,1,1
17183,0,0
16145,0,0
17441,0,0
5742,0,1
15053,0,0
459,0,0
25115,1,1
7484,1,1
26560,1,1
4371,0,1
5312,0,0
8227,0,0
12960,0,0
11790,0,0
13551,0,0
24875,1,0
19841,1,0
1201,0,0
6419,0,1
29546,1,1
12976,0,0
10545,0,1
18409,1,0
2662,0,0
23984,1,1
15298,0,0
1978,0,0
20710,1,1
16298,0,0
7898,0,0
20864,1,1
7125,0,0
16313,0,0
18655,1,1
7932,0,1
7698,0,0
11339,0,1
17705,1,1
1940,0,0
17366,0,0
2528,0,0
2420,0,0
15209,0,0
20699,1,1
4106,0,0
29614,1,0
10548,0,0
29149,1,0
15414,0,0
27677,1,1
21237,1,1
4194,0,1
1075,0,0
14432,0,0
5654,0,0
6379,0,1
21558,1,1
1397,0,0
29027,1,0
17954,1,1
5284,0,0
5107,0,0
23016,1,1
27623,1,0
22509,1,1
836,0,0
21126,1,1
23974,1,1
25377,1,1
22165,1,1
7916,0,0
2020,0,0
15785,0,0
25011,1,0
24207,1,1
25672,1,1
29283,1,1
17167,0,0
18059,1,1
16716,0,1
21059,1,1
11175,0,0
19237,1,1
12037,0,0
133,0,0
1334,0,0
11768,1,0
9532,0,0
7,0,0
4705,0,0
6505,1,0
5762,0,0
18273,1,1
21336,1,1
10389,0,0
19471,1,0
29389,1,0
27496,1,0
4715,0,0
23258,1,0
17497,0,1
16169,0,0
12347,0,0
12513,0,0
12009,0,0
4085,0,0
12093,0,0
27893,1,1
4293,0,0
9971,1,1
12148,0,0
4223,0,0
13496,0,0
23812,1,0
19859,1,1
18915,1,1
14664,0,0
11813,0,0
8731,0,0
17738,1,1
5871,0,0
16315,0,1
26163,1,1
5053,0,1
4068,0,0
24321,1,1
22951,1,0
964,0,0
12573,0,0
13155,0,0
24573,1,1
27734,1,0
26858,1,1
14729,0,0
9161,0,0
26942,1,1
16520,0,0
20317,1,1
22991,1,1
26779,1,1
14046,0,0
13679,0,1
17038,0,0
2173,0,0
8447,0,1
26381,1,0
6087,1,1
15107,0,1
14905,0,0
8390,0,0
14655,0,1
23208,1,1
5048,0,0
6916,0,0
29410,1,1
15214,0,1
5875,0,0
28964,1,1
12235,0,0
17166,0,0
3438,1,1
103,0,0
12639,0,0
14066,0,0
26944,1,1
4211,0,1
15402,0,0
29093,1,1
18901,1,1
14727,0,1
828,0,0
20640,1,0
19962,1,1
23210,1,1
5211,0,0
14929,0,1
22131,1,1
21371,1,1
29491,1,1
25177,1,1
24855,1,1
2434,0,0
24373,1,1
16917,0,0
23728,1,1
8398,0,0
21842,1,1
11578,0,0
13449,0,0
7174,0,0
6350,0,0
8824,0,0
3366,0,0
18191,1,0
19436,1,1
5598,0,0
12024,0,0
19946,1,1
15428,0,0
10669,0,0
19905,1,1
8494,0,0
22835,1,1
19335,1,0
20992,1,1
27434,1,1
4879,0,0
11895,0,0
20203,1,1
4202,0,0
21704,1,1
20280,1,0
24564,1,1
24464,1,1
7732,0,0
19110,1,1
27556,1,1
12831,0,0
21794,1,1
8184,0,1
10023,0,0
12548,0,1
5174,0,1
8457,0,0
22733,1,0
13033,0,0
27973,1,1
10075,0,0
2225,0,0
8471,0,0
22710,1,1
7502,0,0
25492,1,1
19328,1,1
18858,1,0
26601,1,1
8840,0,0
3328,0,0
11400,0,0
12233,0,0
27585,1,1
26818,1,0
5754,0,0
18829,1,0
12923,0,1
20005,1,0
4043,0,0
13086,0,0
28722,1,1
12769,0,1
16492,0,0
17239,0,0
478,0,0
14860,0,0
19496,1,1
3461,0,0
6742,0,1
25714,1,0
8145,0,0
24918,1,1
29276,1,1
25578,1,1
27801,1,1
21878,1,1
6699,0,1
9620,0,0
12736,0,0
28830,1,1
647,0,0
970,0,0
4258,0,0
19060,1,0
16894,0,0
16040,0,0
20141,1,1
20055,1,0
12053,0,1
7656,1,1
21294,1,0
12326,0,0
1009,0,0
7731,0,1
8857,0,0
4306,0,0
4015,0,0
4101,0,1
26763,1,1
24592,1,0
17455,0,1
3226,0,0
326,0,0
8161,0,0
22584,1,1
15771,0,0
21926,1,0
4990,0,0
9477,0,0
7573,0,0
13529,0,0
14847,0,1
26205,1,1
2194,0,0
4745,0,0
20356,1,1
26125,1,1
18275,1,0
29387,1,1
22524,1,1
17728,1,1
15099,0,0
21051,1,1
4774,0,0
24957,1,1
11032,0,0
15962,0,0
23077,1,1
10949,0,0
17930,1,1
24992,1,1
18356,1,1
5117,0,0
7839,0,0
19654,1,1
17652,1,1
15712,0,0
20237,1,1
28154,1,1
13227,0,0
15258,0,0
2748,0,0
23642,1,1
15201,0,0
11624,0,0
29196,1,1
1006,0,0
5427,0,0
9774,0,0
3942,0,0
26605,1,1
13789,0,1
21786,1,1
11031,0,0
18774,1,1
12642,0,0
16275,0,0
16026,0,1
9635,0,0
21210,1,0
134,0,0
20001,1,1
15720,0,0
8880,0,0
9668,0,0
3351,0,0
28527,1,1
3200,0,1
28715,1,0
13552,0,0
15208,0,0
19913,1,1
10203,0,0
16128,0,0
7552,0,1
11191,0,0
27135,1,1
25213,1,1
26768,1,0
316,0,1
146,0,0
27750,1,1
23528,1,1
15838,0,0
28750,1,1
20897,1,1
14421,0,0
9946,0,0
25624,1,0
12428,0,0
29110,1,1
15510,0,0
13477,0,0
17210,0,0
8483,0,1
21365,1,0
819,0,0
4463,0,0
21984,1,1
12650,0,0
3486,0,0
12854,0,1
25806,1,1
10675,0,1
7811,0,0
20326,1,1
19336,1,1
19165,1,0
3111,0,0
24339,1,0
21329,1,1
17861,0,0
21216,1,0
5551,0,1
18189,1,1
23069,1,1
2495,0,0
10549,0,0
26951,1,1
20061,1,1
22802,1,1
2505,0,0
27182,1,1
28084,1,0
23214,1,1
7752,1,1
15888,0,0
7786,0,0
27680,1,1
28337,1,1
25120,1,1
21401,1,1
21187,1,1
13820,0,0
8557,0,0
25347,1,1
14654,0,0
11051,0,0
1011,0,0
15729,0,1
17752,1,1
8651,0,0
19834,1,1
1034,0,0
11243,0,1
2270,0,0
696,0,0
11067,0,0
3704,0,1
25943,1,1
23636,1,1
1451,0,0
15182,0,1
19274,1,1
7495,0,0
2790,0,0
11858,0,0
3305,0,0
24292,1,1
27175,1,1
17189,0,0
5940,0,0
19999,1,1
12568,0,0
12930,0,0
17829,1,1
10226,0,0
27915,1,1
25142,1,1
24939,1,1
12284,0,0
15340,0,0
1888,0,0
6224,0,0
22239,1,0
17620,1,1
27075,1,1
9299,0,0
17528,1,1
12796,0,0
1413,0,1
19823,1,1
16231,0,1
7168,0,0
19701,1,1
4684,0,0
28755,1,0
5259,0,1
24157,1,1
3623,0,0
12157,0,1
7609,0,0
14190,0,0
26249,1,1
180,1,1
15891,0,0
6377,0,0
29218,1,0
11854,0,0
469,0,0
23809,1,1
6528,1,0
2166,0,0
1027,0,1
29711,1,1
8450,0,0
1423,0,0
24774,1,1
18561,1,1
15829,0,0
12679,0,0
8281,0,0
7650,0,0
19754,1,0
22249,1,1
8049,0,0
8377,0,0
1192,0,0
6625,0,0
16842,0,0
6944,0,0
21604,1,1
4157,0,0
2559,0,1
25853,1,1
8188,0,0
25545,1,0
23708,1,1
3734,0,0
28179,1,1
7891,0,1
6835,0,1
22591,1,1
11044,0,0
3860,0,0
18214,1,0
26874,1,1
14764,0,0
2604,0,0
22213,1,1
5102,0,1
13484,0,1
1297,0,1
25166,1,1
23757,1,1
635,0,0
7821,0,1
7514,0,0
28215,1,1
10365,0,0
7294,0,0
22434,1,0
12789,0,0
21229,1,1
4859,0,0
10501,0,0
15692,0,0
28495,1,1
16583,0,0
5843,0,1
24899,1,0
17437,0,0
21347,1,1
14378,0,0
7912,0,0
4059,0,0
23338,1,0
11488,0,0
23218,1,1
3126,0,0
8908,0,0
18419,1,1
26044,1,1
27907,1,1
6223,0,0
29,0,0
19213,1,1
15782,0,1
15750,0,0
22398,1,1
14577,0,0
3362,0,0
21296,1,1
19285,1,0
18517,1,1
3668,0,1
14856,0,0
4345,0,0
8013,0,1
2644,0,0
29529,1,1
1869,0,0
20732,1,1
960,0,0
984,0,0
29095,1,1
23575,1,1
27348,1,1
29106,1,1
21112,1,0
24483,1,1
10059,0,0
25967,1,1
26973,1,1
25723,1,0
22170,1,0
21009,1,1
6604,0,0
16683,0,0
4387,0,0
19007,1,1
14570,0,0
16176,0,0
2981,0,0
3202,0,1
18675,1,1
23168,1,1
17057,0,1
1259,0,1
13312,0,0
15259,0,0
10919,0,0
7029,0,0
9507,0,0
27865,1,0
29663,1,1
26321,1,1
16467,0,0
5194,0,0
4057,0,0
7063,0,0
14366,0,0
13508,0,0
16273,0,0
7986,0,1
8101,0,0
15115,0,0
21356,1,1
19068,1,1
22557,1,1
27164,1,1
15865,0,0
12717,0,0
1429,0,0
18115,1,0
16166,0,1
29468,1,1
15113,0,0
3502,0,1
5514,0,0
11203,0,0
1563,0,0
21170,1,1
24193,1,0
4400,0,0
17382,0,0
6836,0,1
16697,0,1
6777,0,1
22666,1,0
7080,0,0
29620,1,1
1611,0,0
24313,1,1
15478,0,1
19394,1,0
25276,1,0
17992,1,1
6188,0,0
7918,0,1
24072,1,0
10227,0,0
16624,0,0
25052,1,1
12340,0,1
17900,1,1
1514,0,0
16641,0,1
23014,1,1
4010,0,1
23041,1,1
139,0,0
29319,1,1
10781,0,0
28578,1,1
7268,0,0
19833,1,1
9547,0,0
2254,0,0
18483,1,0
9006,0,1
26783,1,1
28046,1,1
6341,0,1
27601,1,1
25441,1,0
9084,0,0
24179,1,1
3418,0,0
5687,1,1
29649,1,1
7733,0,0
17204,0,0
17122,0,1
22812,1,0
21399,1,0
4824,0,0
3686,0,1
10324,0,0
10241,0,0
24516,1,1
26864,1,1
2290,0,0
4472,0,0
5478,0,0
24827,1,1
7729,0,0
12078,0,1
11501,0,0
27138,1,0
14850,0,0
4153,0,1
17333,0,0
208,0,0
29399,1,1
8255,0,0
14685,0,0
8628,0,1
2605,0,0
20893,1,1
2587,0,0
21068,1,1
25116,1,1
22336,1,0
18422,1,0
8538,0,0
10876,0,0
29044,1,1
24498,1,1
27104,1,0
20600,1,1
2870,0,0
25076,1,1
7388,0,0
12267,0,1
10138,0,0
12238,0,0
26820,1,1
21682,1,1
2905,0,0
23271,1,1
2702,0,0
5915,0,0
20353,1,1
15081,0,0
2351,0,0
21945,1,0
11474,0,1
25503,1,1
16424,0,1
1751,0,1
2299,0,1
7112,0,0
5775,0,0
7850,0,0
7442,0,1
25269,1,1
6635,1,1
6865,0,0
16810,0,1
24379,1,1
1640,0,0
13252,0,1
12064,0,1
15335,0,0
2492,0,0
5317,0,1
17316,0,0
10012,0,1
28409,1,1
21324,1,1
24116,1,1
18392,1,1
6119,0,0
9801,0,0
14170,0,0
12590,0,0
25614,1,0
13586,0,0
26485,1,1
11990,0,0
28441,1,0
27537,1,1
5032,0,0
16728,0,1
3110,0,0
17561,1,1
28400,1,1
23488,1,1
27383,1,1
25991,1,1
24129,1,1
6633,0,0
12049,0,0
9563,0,0
6281,0,0
15452,0,0
10443,0,0
29696,1,1
2210,0,0
13943,0,1
22946,1,1
27636,1,1
28954,1,1
14982,0,0
251,0,0
25294,1,1
618,0,0
16976,0,1
20429,1,1
20966,1,1
18736,1,1
15650,0,0
23363,1,0
18547,1,1
21332,1,1
8643,0,0
6918,0,0
28935,1,1
9058,0,0
8091,0,1
22790,1,1
5403,0,0
17941,1,0
1474,0,1
8976,0,0
9098,1,0
7685,0,0
22204,1,1
10428,0,0
8941,0,0
1713,0,0
9124,0,0
3995,0,0
465,0,0
8113,0,0
19321,1,1
27382,1,1
708,0,0
18636,1,1
26038,1,0
20513,1,1
10372,0,0
1256,0,0
15486,0,0
4716,0,1
24402,1,1
22598,1,0
6826,0,0
7747,0,0
23096,1,1
26049,1,1
20325,1,1
17187,0,1
2554,0,0
11931,0,1
26907,1,0
14096,1,1
20465,1,1
28882,1,1
18993,1,1
7403,0,0
23947,1,1
20226,1,0
5365,0,0
10563,0,0
23565,1,1
16503,0,0
21783,1,0
7554,0,1
2865,0,0
8099,0,0
17115,0,0
26513,1,1
3836,0,0
17390,0,0
8827,0,0
29640,1,1
4122,0,1
20945,1,0
683,0,0
6934,0,0
12989,0,0
26794,1,0
1291,0,0
10282,0,1
8020,0,0
28131,1,0
9112,0,0
28862,1,0
16751,0,1
9405,0,0
14505,0,0
26270,1,1
12376,0,0
6965,0,0
24108,1,1
23187,1,1
6165,0,0
10124,0,0
22043,1,1
17086,0,0
12802,0,0
16889,0,0
9633,0,0
5474,0,0
25685,1,1
6253,0,0
6803,0,0
21286,1,1
26827,1,0
14171,0,1
1383,0,0
15490,0,0
2441,0,0
